year,total_green_area_ha,total_green_area_ha_lag1,total_green_area_ha_lag2,total_green_area_ha_lag3,total_green_area_ha_lag4,total_green_area_ha_lag5,total_green_area_ha_lag6,total_green_area_ha_lag7,total_green_area_ha_lag8,total_green_area_ha_lag9,total_green_area_ha_lag10,rolling_mean_3,rolling_mean_5,rolling_mean_7,change_rate,yearly_growth,total_green_area_rounded,log_total_green_area_ha,predicted_total_green_area_ha
2025,336214.73188235296,,,,,,,,,,,,,,,,336000.0,12.725508292087204,326963.88
2026,336214.73188235296,336214.73188235296,,,,,,,,,,,,,0.0,0.0,336000.0,12.725508292087204,330000.16
2027,336214.73188235296,336214.73188235296,336214.73188235296,,,,,,,,,336214.73188235296,,,0.0,0.0,336000.0,12.725508292087204,333011.7
2028,336214.73188235296,336214.73188235296,336214.73188235296,336214.73188235296,,,,,,,,336214.73188235296,,,0.0,0.0,336000.0,12.725508292087204,333153.66
2029,336214.73188235296,336214.73188235296,336214.73188235296,336214.73188235296,336214.73188235296,,,,,,,336214.73188235296,336214.73188235296,,0.0,0.0,336000.0,12.725508292087204,333268.94
2030,336214.73188235296,336214.73188235296,336214.73188235296,336214.73188235296,336214.73188235296,336214.73188235296,,,,,,336214.73188235296,336214.73188235296,,0.0,0.0,336000.0,12.725508292087204,333184.62
