Actual,Predicted
336214.73188235296,334006.03
341798.8485882353,341442.94
341176.7276470588,341426.94
340714.6750588236,340794.97
325589.5394117647,326191.78
338359.43152941176,339176.72
339852.0070588235,340761.66
328889.797764706,330716.03
